<?xml version="1.0" encoding="UTF-8"?>
<project-private xmlns="http://www.netbeans.org/ns/project-private/1">
    <editor-bookmarks xmlns="http://www.netbeans.org/ns/editor-bookmarks/2" lastBookmarkId="0"/>
    <open-files xmlns="http://www.netbeans.org/ns/projectui-open-files/2">
        <group name="Group 20200603-11:26:27">
            <file>file:/C:/Users/DFF/Documents/NetBeansProjects/patrimoineproject/src/patrimoineproject/materiel.java</file>
            <file>file:/C:/Users/DFF/Documents/NetBeansProjects/patrimoineproject/</file>
            <file>file:/C:/Users/DFF/Documents/NetBeansProjects/patrimoineproject/src/PROJECT/connectionProvider.java</file>
        </group>
    </open-files>
</project-private>
